feature_1,feature_2,feature_3,feature_4,feature_5,feature_6,target
0.7589692204932674,0.651391251305798,0.9540017634932023,1.135565640180599,-0.3152692446403456,0.570890510693167,133.66108512286138
0.9725544496267299,-0.5624667758942676,0.7077519354554754,1.8124485579969287,0.632407739055521,-0.6269670577877674,113.54174469805831
1.3668742674445247,-2.301921164735585,-0.275051697151644,-0.57581824064468,-1.5151910621985523,-0.5305011476105275,-349.33173426343035
0.8724573282801447,-0.5640786307367284,0.24380071377119883,0.7083564472993533,-1.2803043986708944,-1.0212328171307132,-171.1405927532661
-0.7699732310586418,-1.2239402667622565,-0.6492775450660071,-1.0147567306928669,0.03408346825922607,-0.5816809139486437,-195.9264406967809
-1.9982006845321076,-0.08071658010858232,0.7326400772155792,0.05194588580729943,0.07863519031609059,0.7276295436369798,84.55505202748283
-0.1599385299634271,1.475356216949552,0.3109075655980046,-0.21344715171184725,0.8576596232020194,-0.718444221252436,100.53307974884014
-0.4152879139008013,1.143754043206929,-1.4785862457798415,0.7708651938869668,0.3384964074944141,0.23561455810856594,129.4181776654994
1.8260097135469362,1.0399046873960764,-0.6690727386599166,-0.20932367715186612,-0.6056155397368641,1.4711703274936085,88.47310487859524
-1.867265192591748,0.08187413938632256,-0.48536354782910346,-0.23681860674000887,2.3146585666735087,-0.7728252145375718,141.68560668822573
0.37405656984757213,0.8335289616089246,0.33088023221445706,-1.5558956462036273,-1.9937356425714554,0.2337859117907477,-234.84289470696652
1.7945578635177877,-0.7309300399419191,-1.3793192280145272,-0.7982972445384537,-0.033126972873797095,-0.1769472274940494,-112.38744106176232
0.3142473325952739,-0.5622875292409727,-1.7249178325130328,-1.913280244657798,-1.0128311203344238,0.24196227156603412,-261.2351382872844
1.669021525289393,-1.295078772063616,-1.2899608997410539,0.07331796718840389,-0.3357846992901282,0.8231705839619146,-54.6484093325102
-1.6135613978767411,1.7117084801423434,-0.172946059923423,-0.8848027140269009,-1.3719011429313563,-0.4432822511915103,-122.87570028121515
0.12200981464536144,0.7003098794089914,-0.8583577801812136,0.1848361236948739,-0.5756378262377739,0.4933179008808892,22.308758330019455
0.8563987943234723,-1.5148472246858646,-0.846793718068405,-0.07282891265687277,-0.4465149520670211,0.47323762457354485,-97.95064007854862
0.1713682811899705,0.19686123586912352,-1.3281860488984305,-1.9596701238797756,0.7384665799954104,0.2088635950047554,-48.53517200740155
-0.0657502610729878,0.37721187506452086,-0.5589218472715883,-1.5231869047837747,1.5655240292343404,1.1950466289248425,154.05093159099783
0.8496020970210246,-0.4930009346588328,-0.20812225035727522,-0.6226995198205938,-0.5893647569442115,0.28099186773503265,-89.9231418097319
1.1692955904456728,0.5072740311072977,0.820482181197364,1.1087035805829077,1.066674689589154,0.5906548306923093,268.8837413253524
0.714000494092092,0.4824724152431853,-1.0708924980611123,-0.8571575564162826,-0.2234627853258509,0.6256673477650062,-20.14813445433065
-0.2916937497932768,0.37569801834567196,-1.1509935774223028,0.11092258970986608,-0.600638689918805,-0.5443827245251827,-93.83476811361582
0.1846338585323042,1.307142754282428,0.22745993460412942,-1.2308643164339552,-1.6074832345612275,0.8135172173696698,-103.98719562238995
0.9826909839455139,0.472597482413043,1.0291556373256436,-1.7025836042378404,0.25602973431387566,0.40825275571447184,-24.892527572989703
-0.03850846950070721,-0.45888426286894,1.6839276914578687,1.0470983026121545,1.0786808334312956,0.22445181855997204,201.3071545466684
-0.14705738150213865,-0.6771617115121117,0.07580455819372633,-0.8972543714858315,0.9751197334177512,-0.012246772846914623,8.281161727119173
1.7547941819843647,0.6060099513456396,-1.5566291735239037,-1.4084612963635597,-1.280429352496283,-0.7043436905427592,-255.23151281054834
0.9755451271223592,-0.3092123758512146,-0.8392175232226385,0.9312801191161986,0.33126343140356396,1.030999522495951,150.6376741744296
-0.3095464393139903,0.6159356069442637,-1.0810633275998973,1.159329803364248,0.5931012579683838,-0.3609661658190799,113.45089127050109
-2.8485426206300755,-0.37061433208610595,0.5436001545944323,1.1727290192593647,0.7716987106483447,-0.025554070991445278,139.9099048575365
-2.152890592952483,0.5079913269125437,-1.8362053731032966,-1.331232953557778,-1.1033666061738736,-0.7859894605079495,-259.79577079990804
-1.2829922241885696,0.47704082722312147,-0.04692057887918407,0.3465038817307158,0.07682189106025536,-0.46770120131189136,19.82042091322452
0.10643022769189683,-0.543424771133765,-0.03275327021599839,-0.5468589412403921,-0.7128457826771644,-0.5736620068802363,-188.62665621790683
1.3454200461549777,0.4714683571359957,-0.7904744554453119,0.22388402427913137,1.8820244964750337,0.4810092317367132,255.2513884256425
-0.03722223650984159,-0.19634984908497827,-0.2590421458207031,0.23878915902651351,-0.07160125941406395,1.0302834540318422,73.27324244468748
-1.6548566718657693,-0.42688106994742003,-0.15800789857898942,1.5295503194606137,-1.0121043752601675,-1.6924646297148194,-165.55916531174444
-0.29900735046586746,0.8219025043752238,-2.6197451040897444,1.5646436558140062,0.08704706823817122,-0.03582603910995154,121.26058756818509
-0.08912003951278841,-0.03269474809409311,0.3840654489393073,-0.05554769889661878,-2.0674421000398766,-1.7033824393551547,-329.83175122862673
-0.7076694656187807,-0.48423407286625136,-1.5193699659540134,1.0324652605511468,1.2669111491866227,2.1221561970126332,317.36829712261994
1.4437646040732595,0.3520553965142968,-0.24123605785632987,0.24333944932269183,-1.251539424190444,-0.045586016355497805,-101.58614417075798
0.7348777860498175,1.6073455760199926,-0.24869112618354708,0.28257995048829965,0.49097495163825133,-0.1671217137864115,130.38363041059668
-2.211135309007885,-0.21910052880886424,0.32692737376416264,1.6764373122752827,0.8294055811834892,0.0184183791895517,198.0836286640989
-0.6891878180895679,0.19759960469239965,1.3173940656343257,-0.535235211560568,2.0752608726252655,1.0495527153193351,294.15636054301063
-0.25083301645504735,1.5013336519554867,-1.4218106667418438,-0.7567950885694608,-0.32267983884213575,0.9960476858058164,51.77691612878271
0.9178619470547761,0.40498171096095553,1.7654542402810969,-0.6533292325737119,-1.2608839543350452,-0.4749453111609562,-138.84700904806823
-0.35151348404130867,-1.008086310917404,-2.038124535177854,-0.4080753730215514,-1.8707919210258557,1.2012139221639448,-210.36211862330134
-0.827230943552323,-0.2886586389201383,-0.01851313599238993,-1.0025293646378088,0.3227185603380895,-0.01901620790268883,-41.043419733267285
-2.0733902324081495,1.0915068519224618,-2.650969808393012,1.5039929885826886,1.246085192497629,-0.2549772174208553,206.90146140929497
1.1195749114345768,0.3112501545435361,0.5765569630557664,-0.24903603955637832,3.0788808084552377,1.6449677135012837,439.3103393774549
-0.7542758500193579,-1.146345393018688,1.633431532301096,-1.1430049127304835,0.30263546523903323,0.6387302220291846,-27.49789758341863
1.1608267873785194,-1.1196698946261439,-0.36244094140313216,-1.7397137787780996,-1.2946814757209058,1.1487657003721035,-225.78376259412147
1.2187618516973167,0.5999287299962045,-1.2096947428411076,-0.14408755572161547,1.5307508323436974,-0.9393353938187543,77.43841807243062
0.17457781283183896,0.4040508568145384,-0.16128571166600914,-0.8022772692216189,1.8861859012105302,-0.3427145165267695,129.45957094455116
-1.1032083657216831,-1.9663565893760018,-1.0448091940210336,-0.8392096673390064,2.056207129940322,-0.3649527295428853,1.2979566706153296
0.725766623898692,0.1292211819752275,2.4457519796168263,-1.1254890472983765,0.10939479460489289,0.2799686263198203,16.298565314246513
-1.2208436499710222,-1.0577109289559004,-0.013497224737933921,1.8522781845089378,0.822544912103189,-0.6017066122293969,85.99051627976141
-0.933267959073196,-0.15852957302697002,1.1965715016644913,-0.9730689408815555,-0.02730453950993186,0.11958036841415326,-42.22900285934439
-2.59104229214491,0.7591551603026468,0.541462728204788,-1.8019804375800197,-0.5765104007267194,-1.1701130260593595,-210.10479619760486
-0.15567723539207948,-0.6039851867158206,0.37114587337130883,-0.2030453860429927,0.08658978747289992,0.57707212718054,12.11660429898834
1.3641404299738442,0.5524899544171478,-0.019637798926681216,0.440474737960399,0.22391413406466143,-1.5929937335316693,-46.39545989981443
-0.2811002928859549,-0.6819842479977986,-0.24717738252059693,-2.0417348684242906,-1.0016200098949155,0.20838280794755248,-253.15330939319446
0.06751848141010895,0.11567463429285867,1.551151975522523,-0.7484865365565536,1.1792971840638264,0.33231401197959165,125.55596599353285
0.787084603742452,0.6565536086338297,-1.1913034972026486,0.4738329209117875,-0.9746816702273214,1.8657745111447566,100.3902248820287
0.7189533106650667,0.5366527525272862,-1.0469109826819396,-0.6568942789713957,1.185704154662997,1.2004139079444254,187.97720196513967
0.2992925804064919,-0.6057149230033384,2.1573082132655035,-0.48791140814570266,0.742095372009307,0.6779258713392691,96.52885037040447
0.6815006973726244,1.0531528533329035,-1.0810565404082624,-1.2767485758203094,-0.03955515385665504,0.27157883719537346,-37.24815984440637
-0.20358036010236177,1.628396623128538,0.5689830791852754,-0.5535882417079946,-0.3791277409874871,1.6777008140764407,153.85990890862482
-0.22476540189268354,0.9343199112392737,-2.553921134901955,-1.4848979684499035,-1.366878698415421,0.9495541354413237,-159.13179158661762
-0.978372777615032,-0.7783047254023127,-0.5397596803093615,0.34758170536167105,0.19584525509768155,0.01843393306539316,-17.522230653880683
0.8534155587803077,0.5639091200523596,1.3842728185105182,2.439752406339273,0.594754341665286,1.0225704320096403,343.5907530052195
-1.1065259087416703,1.1265650295477574,1.8489560949453452,0.6962063648134184,-0.26888869055483056,-0.23093453020867796,98.30938687593915
0.3411519748166439,-0.8158102849654383,-0.8895144296255233,-0.7537361643574896,-0.0771017094141042,-0.2453881160028705,-140.46589435595826
0.41379909745149823,0.3098207102270275,-1.1875984190295128,2.1451491277733883,0.6337768809320985,-0.8353470532597573,129.99119589974725
0.4363236696740321,2.1422703586118637,-0.02435459226098284,-0.573700003938579,1.7275431701007113,0.5228354880354996,277.8157279140883
-0.6777153697521061,-0.7534178703461835,0.032004149065766624,1.5615111967268527,0.4599721429391164,1.301741289398798,192.6881728902389
-0.186971302985446,-0.30522470435466764,-1.0651136630753726,-1.3118362323501596,-0.6095122021592831,0.010352619843380607,-182.8664471189378
0.06856297480602733,-0.5034756541161992,0.09965136508764122,-0.5662977296027719,-1.5506634310661327,-0.9905363251306883,-299.8437529620257
-1.485560373036972,0.19655477651157463,1.4469778843537329,-0.4397310582741749,1.0318445394686349,-0.18687164416135904,113.94417732934824
-0.7143514180263678,0.23225369716100355,-0.6800247215784908,0.3464482094969757,0.29307247329868125,0.25049285034587654,60.42881543525989
1.7958776730955217,-1.515744114997232,0.2029230208512997,0.6329318177555108,1.5475052013300616,-0.5522230442809712,68.42320295370972
0.9920423495365228,0.3216978061960136,0.26739231407190295,-0.29027454418865134,-0.6680904536430488,0.9190764829877686,17.997478905213626
-0.8946073022195039,-0.4787486216634773,0.22213377163371284,-0.30917212346863937,1.2557561255735208,-0.4344962274323156,36.81040727911988
-1.6685840738775894,-1.0227925651984056,0.6135179727304166,0.1200313267182613,-0.2573765374233451,0.03800347816820029,-58.61574499869781
-0.5768918695231487,-0.38455554422982535,-0.8604133652839524,0.047398671316414016,1.0062928092144405,-0.6518361078021592,16.721945708893564
2.0923872756854602,0.5951570254369136,0.09699596499271819,-0.13014305436768459,-0.8182206832334725,0.3241663524884421,-14.685826988453009
-0.7928728322623442,0.5040465155178444,-0.9857260463355437,0.9551423205012383,-0.5302576183724408,-0.06267909727317188,6.961983063657939
0.852433334796224,0.18645431476942764,-2.025142586657607,0.6339190223180112,-0.661786464768388,2.1439440893253257,119.8373982107701
-2.153390113603715,-0.8469613483183278,1.5945050632249722,-1.4400508825942944,-0.9913923494563072,-1.0962750868952018,-290.80666448406106
0.31978193414253697,-1.3340254949182044,0.1053755061459599,-0.9683444548636353,-0.6013676439512137,0.5500520990245519,-144.2131222314838
0.13074057728609134,-1.4301413779606327,1.6324113039316352,-1.2477831819648495,-0.44004448669698376,-0.2525681513931603,-184.4657024630796
0.620672097550678,-0.24751863555150475,-0.7271371758248686,-1.5702247198904564,-0.07443342910004629,0.6218099622171964,-93.3051481288299
-0.5769036556624031,1.8761708392158862,0.34175597577715944,0.15039378647620763,0.9504238381860503,-0.759132661553698,130.6425564906778
0.44770856001731496,0.4567532191537839,0.34272534637770413,1.1172958315881276,0.5697672802322039,-0.0821511783925688,154.6027157650716
-1.4222537095976742,0.2034636358672231,-1.6064463202575725,-0.9555404406004258,-0.7563507452843033,-0.12791759148076653,-154.9311475597729
0.48937456122791806,-1.1290517712172292,0.7216720640432351,1.2715550949941588,-0.5245202662797737,0.9356783931474612,53.93645234944952
2.2524358053443088,1.0098170893426341,1.642015160136369,-1.3230897934074983,-0.6881503451777238,-0.6389617476895022,-113.89326255025736
0.5578103063518622,0.8177662992002871,-0.025026958745143917,0.4746982328799528,1.3902075490173134,1.085895565831578,286.9658250608413
0.4924512640081491,0.3824097461840506,-1.1227220215622986,0.6748194921666038,0.1664522082130561,-0.04946370965243295,54.33651291593646
-0.6929051977959073,1.7495767431869393,-1.4026052717996935,-0.6629009175509482,-1.243863235391285,-0.7019916878067554,-146.1446492384192
0.9567023167945841,-0.1524698363805439,0.1335409047822823,-0.3091164642025014,0.7081086766885905,0.1920491164900316,58.45974830682027
-1.0243876413342898,-0.05952535606180008,-0.926930471578083,0.7746340534293368,-3.2412673400690726,0.44381942814622843,-259.56696001045606
-0.28067507686677406,-0.06259312789952241,0.10420110395187607,0.2811914239693758,-0.7539645888666763,0.7589285897867651,2.516016317626118
1.876795812558066,1.355637858804951,0.8696059201056602,-0.9221653241776254,0.41343490322370086,0.7569886166453519,105.321864374894
0.7519330326867741,-1.168678037619532,-0.03471176970524331,0.30154734233361247,1.1428228145150205,-0.19236096478112252,52.9118985998062
1.1870303055603801,1.050654396007612,0.2010990467149675,-0.05761879703358539,1.1055259329579838,2.403415585238275,337.8750779542828
-1.9754665663538713,0.4865016438262019,-0.07049877805909122,0.5296927543567308,0.06447441481012024,0.056649924897107164,71.03018057289016
0.45353430151397983,0.42192075423528475,0.32135721545027307,0.3287624103034804,1.613711269058647,-0.06413834659299254,207.087579604129
-0.8309501164110378,-0.863990769679816,-0.5923939242388692,-0.48712538376469605,0.04852162794482699,-0.6506425691218269,-146.5916981641113
0.6296288419236122,0.30729952087660933,0.8995998754332507,-0.6929095952606542,0.8128621188389601,0.35701548596504734,92.63636916605549
2.632382064837391,1.0536417966078395,-0.9758732529773327,-1.3516846056163336,-0.949398888831943,-0.9232332461109043,-213.0508671598628
-0.5228600271532683,1.453384477117701,-0.4455025214007718,-0.36283856043965906,1.5795721457307124,2.2988981236192503,384.31708432186616
1.356240028570823,-1.1962066240806708,-1.1063349740060282,-0.18565897666381712,0.812525822394198,-0.47917423784528995,-69.4000933598536
2.2105230015913513,-0.14700200162848862,0.0438114719791096,-0.12982069973342616,0.9638791167949097,-0.1852876588777083,67.15450268107688
1.5380365664659692,-0.6451197546051243,0.36163602504763415,1.0035328978920242,0.36139560550841393,-0.07201012158033385,67.72545868419579
-0.21398884422550896,-0.998354040738791,1.5505004928140769,0.23421473253652075,0.9843223984765838,-0.03468488738678118,80.17366369563044
0.5883172064845765,-1.9520877995225019,2.1330333746562666,-1.237815498826849,-0.15178509503558332,1.586016816145352,-48.25466580996948
-0.05576907765770601,0.4190190093660452,1.6725723868377034,-1.2096410186912054,-0.7050118557584089,1.2276689924732922,0.6729207093725218
0.49799829124544975,-0.7730097838554665,0.09767609854883172,0.01259240078179486,0.024510174258942714,0.22409248181041677,-24.952872202334945
-0.4325581878196209,-0.4118769661224674,0.3376026620752022,0.2544208433012131,-0.48760622407249354,1.1677820616598074,39.944152700479236
-1.4137144969049802,-0.9206735930793662,0.5387559924463692,0.0760053914124115,0.169360824036078,0.5583269125217224,25.92684194793111
0.6283455092642799,0.7916626939629359,1.1581108735000678,-1.2141886127877322,0.6241198170521551,-1.006017381499702,-19.58379601772746
-1.6453987469568918,2.2909425725907417,-2.499405714873573,-0.32483138350862245,-1.389572466763596,0.9817654869915943,-2.9309436345003475
0.20768768716311115,-1.6609609335159914,-0.07016571145864703,0.4591800792284367,0.42961821913258585,0.8339221545489041,38.05729850772479
0.755391225825756,-0.9075636620415979,-0.23894804686640975,-0.05023810944913695,-0.5767713305683327,0.2704568257798388,-102.18986207779045
-0.6919080698812444,-1.0700847663261526,1.8466369960476658,-0.09917586377938291,-1.5255251709247388,0.650201177958661,-140.06951449037234
1.0725073373098022,0.5078357562896237,1.5284684264125317,0.26859227886325693,0.538296079049633,0.0570131248970845,125.86609967265478
1.0941915184709485,-0.12578692009964815,-0.9896048202585809,-0.5112156764311852,0.055724912288694604,1.593186626639397,74.06967607759455
-0.46572975357025687,0.5425600435859647,-0.4694743859349521,0.7674347291529088,-0.46341769281246226,1.5792128155073915,147.8963867689746
1.0571222262189157,-0.7198442083947086,-1.4785219903674274,-0.3011036955892888,-0.4606387709597875,-0.11564828238824053,-133.77223452364674
-0.1423794850212935,0.6228499323474987,-0.45006547147924364,0.046980593764742055,-1.0676204293825944,0.005243699718183166,-82.7623179684163
-0.9716140385106515,0.1846803058649084,-0.3653215513121087,0.13653533108273744,-1.3471262895296965,2.013387247526623,34.90094316159174
-0.047711356141979855,0.42545756178496474,0.7858001586508322,0.7604146561442974,-0.966976143129213,-1.5839028234857233,-131.64155371780245
-0.31026675659345604,0.02100384163275905,1.305478807154329,0.8135096360006385,0.6819529712949639,0.8254163489880298,223.81672540044832
-1.2110161997624567,-1.6615200622689599,0.6385924587773739,-0.9043166251044086,-0.06607979864731657,0.25972250172148187,-140.0729636810753
1.09877685198719,-0.20219265243389406,0.5470973811700379,-0.5915713888358299,-0.2176812032272203,1.277664895788425,32.136436826241685
-0.5830774385689385,0.8157372125392968,0.30740669780910074,-0.27681329988892067,0.8604734883597454,-0.221253623585772,103.66629767031216
-0.525755021680761,-0.5993926454440222,-0.8397218421807761,-0.8082982853551515,-2.123895724309807,2.1898029332176723,-134.25566260192775
0.6116762888408679,-0.38508228041631654,0.324083969394795,-1.763040155362734,-0.6769220003059587,0.3436182895684614,-152.49283165487535
0.02688583899453078,0.8773622905756714,1.5033983017671506,-1.1583646891925428,-0.22096417382966393,-0.0036025390905684044,-28.57952333498053
-0.40122047188583626,0.40171172209894146,-0.1087601484568576,1.5327389130025777,0.6901439917111125,0.5193465142411723,237.7452648366291
-1.4643748802098202,1.5739867632900328,-0.483186462299374,0.647195939702741,-1.2257656630023412,0.39922312260527926,27.096279937295762
0.4241659464019164,-0.48388583405432156,-0.6514180036144483,0.1979107834626478,-0.32034730819432017,1.7359638031652493,72.15295692309289
0.21915032766393897,2.16325472330546,0.6454841811410754,0.7462535660272207,-0.30777823495300083,-1.3598561409799192,35.79845355789389
-0.18398333635267913,0.743264094022715,-1.348185422105713,-1.7101683926566256,0.17086543812794186,0.3078017688920592,-54.0885709684265
0.39913611435207086,-0.09671311187039239,0.2110174672026184,1.6964563682900382,-0.5449190868089497,-2.081929407883722,-109.72811020653897
0.27899416222380197,1.2477420726737338,-0.2949496782920278,0.8949243769444413,-0.6734906242438685,-0.7184072655691974,-4.975623327110468
-1.3801014582148914,0.07409478041977519,1.502357052096028,0.7175422557959623,1.6286155455712918,-0.26940683444455776,218.7424881379165
0.18334200573835174,-0.7673475628880495,2.1531824575115563,0.9592708260852069,0.8723206367206782,1.4511436077950417,265.47588911794344
1.3686315575323487,0.9715709509543554,-0.2489641484790735,1.7553408424432044,0.6453759495851475,2.060747924881987,391.1095991050428
1.8967929826539474,0.4127809269364983,0.9633761292443218,-0.8206823183517105,0.82206015999449,1.158595579007404,168.21735971110556
2.463242112485286,-0.026513875449216878,-1.9187712152990415,-0.07444591576616721,0.06023020994102644,0.25755039072276437,-16.450079512900437
1.0807807255546218,0.6105857452838231,0.3801978510059632,-1.3353443587101013,0.5597904479310398,0.17770100093325383,28.39944421418262
-0.14436041192394247,-0.024125087110003277,0.013929291912946203,0.05921843401448826,0.19808476076785494,2.5733598032498604,223.10266305751387
-0.1903386780836082,0.5389100436846587,1.5231240772696573,-0.8612842013282637,-1.0372461543264564,0.0773683076476183,-106.27156439977075
-0.30246968648812833,-0.33708597111803934,0.14866745720211155,1.490726136849952,-0.6134026635409398,-0.213442870930208,19.45221514510255
-0.05558467091045507,1.496044311489183,-1.7787202489042786,-1.244654703311417,0.6543656563540577,-0.773789199103573,-28.625162079394208
-0.7001208149391732,-1.0265152994110602,1.073631749859772,0.19408999289830758,0.132969674146876,-0.44643361455052827,-46.19706056188068
-0.5182702182736474,0.3571125715117464,-0.21967188783751193,-1.9875689146008928,1.477894044741516,0.0917607765355023,42.786185354442196
0.048084946661381994,-1.804882100664519,-0.7632591565425169,0.5705986685931593,-1.6275424378831627,-0.6626237589458467,-280.0097586912564
0.29698467323318606,-1.3204566130842763,-1.236950710878082,0.7818228717773104,0.5219415656168976,0.25988279424842353,31.04257144927447
1.7522704434236227,-0.7778166875908753,-1.4075116947178212,-0.37144086599579146,-1.1105758454658288,-0.34268759408034877,-224.8616961428077
0.5629692366905709,1.9094166404701305,0.9261775475316414,-1.382799730964336,-1.3985675738191412,-0.8756182533847572,-173.14335796217847
0.7575077100473051,-0.22096959953322298,-0.11232804969082982,0.213979910734222,0.6141667000434252,-0.6997255079925856,8.24251622576787
2.720169166589619,1.4535340771573169,0.01300189187790702,0.8271832490360238,-0.2646568332379561,0.27669079933001905,120.27066086891028
-0.5308687729203206,1.188393273448084,-0.016422896072752075,0.2237879516388985,2.5269324258736217,-0.5176112990361714,285.4286166575449
3.852731490654721,0.5137859509122088,0.5150352672086598,-0.9378250399151228,0.5150476863060479,-1.377669367957091,-84.28269105398996
-2.0392321777601006,-1.7587394864231143,1.0584244868495878,0.6860514599984393,-1.183258512665775,-0.9649234605801045,-234.41727926801272
0.3773004930448522,-0.9787637157823074,-0.26987493529337125,-0.510016398854747,-0.4442932600761116,1.0375399442578992,-57.81526599996262
-0.13958962815517376,-2.8962553781936893,0.9980101098596522,0.3464884758979927,2.0883747047807275,0.9163276747024814,163.41646628987908
1.3920022863445993,-1.103589317215771,-0.9885911071509175,-0.09833962679474989,0.17989415115347845,-1.6929568141953855,-190.01668905424995
0.5792914996010884,0.18335991977915564,-1.4789115687741288,0.3918040054025465,-0.015309849172995557,-0.5462444482524828,-32.29058205798739
-0.056945623721067457,0.1503017614618776,0.11422764866203965,1.1033018820165215,-0.36361221221385587,-0.037634702424848364,43.77494935701136
-0.8498443694647918,0.24822058630033608,0.18186625505849516,2.270692857804396,-0.4593608995402441,0.6327818661062848,169.23687600056857
-0.09888965319114267,0.8384907744516419,-0.006070911539893324,2.4929995174327906,0.08182935854756501,0.3885786045309641,247.04176462482005
0.04643654815614881,1.2784518626072987,0.028744822934817487,-0.3933388123273607,0.19109906801990334,0.3686733088729012,91.1610016263294
-0.4622752887050425,-0.5160447282173739,0.9382838059759977,0.02975613949574519,0.09612077694098337,0.028318376130461172,6.674450866810866
0.44426331148603976,-0.3748208075495975,-0.24032539815813503,0.7129984301723881,0.7109599682034915,-1.2221278088919454,-9.516547359884175
0.03526355197172861,-1.1978778925888485,-0.553649305347182,-1.035242322419374,1.9647251329163893,-0.10703035995455783,39.313744353726584
0.3336621052869483,-0.4776574467651167,0.07156623721939247,-0.8560838259088672,0.47897982574639186,0.8303358165442456,32.343618123453126
1.40934744018558,1.0654803750653512,0.08228398927542419,0.889630795623437,-0.5172884501003722,0.26705026586925884,88.34484946917881
-0.6516003476058171,0.21645858958197486,-0.7303666317171367,0.6795977489346758,0.045571839903813784,-0.7153037092599682,-2.908415776024248
2.0102045387663496,0.334456789987025,0.28586539072490497,-0.38770155993598415,0.6585442726728304,-0.6127886904843862,23.26642320160073
-0.5554771191602547,-0.5309969550018176,-0.637739984251316,2.4553001399108942,-0.6231405264247644,0.2891686439078181,77.61030332015709
0.46210347426327075,0.010233061019587049,1.1631637521549596,-1.4358621511794394,-0.9815086510479509,1.4412732890661155,-62.343066798365385
0.43004164719106963,2.076747983560841,-0.3216350512173826,-0.3492577043184288,0.38193545223155334,-0.3486521344078592,87.31411498343155
1.0490092258368893,-0.18490213644298903,0.924027019206901,-1.251113576385303,-0.5227230205190395,0.326133022242118,-104.35515041347736
0.2436872114919123,-0.5637245528039747,0.41293145427562433,-0.32138584165299344,-0.8222203955664315,-0.8254971967925115,-194.5414157808637
2.1904556258099785,-1.4018510627922809,1.4027943109360992,-0.9093874547947389,0.5868570938002703,0.7910319470430469,14.647567772750339
0.4714155563864041,-0.5707462937494763,1.4205042479898549,1.1890165311075518,-0.8323555731042287,-0.6373871273065177,-54.270251379055665
-1.0777447779293061,1.088950596967366,-0.47193186578943347,-1.6127158711896517,0.06428001909546277,0.6862601903745135,-11.981959932472524
1.6391168054440675,2.5797093376543185,-0.08828204835125482,-1.3698029795790778,-0.8036745679697308,-0.5574917850078336,-67.18099045620282
0.1866091231563581,0.27902152577033923,-0.0952955323869521,1.5774532797634744,0.6078965097165392,0.24938368371075526,186.11340982010847
0.3649610024662254,0.49568188797260465,0.8700677306887542,0.21743287317972287,0.15041890514357642,-0.19068240076334658,52.1812867199417
-1.4247481862134568,-0.22577630048653566,1.465648768921554,-1.4123037013352915,0.06752820468792384,-0.9080240755212109,-138.2012849876309
-0.5993750229537729,1.2378163119734618,-0.11453984525261789,1.3538723741654128,-1.594427658794367,-1.7131345290908775,-139.20073292952003
0.015579047581467534,0.12557645347154225,-0.15005558703252672,1.3757068133116195,-0.1730718242838696,-0.29756350335999193,63.8095328379838
1.1906462747863413,0.0030460201534144695,0.1605739810498646,0.1704162223754877,0.43693816974634986,-0.38817681854122876,28.87285449831174
0.543360192379935,0.751387123371789,0.09933230542922587,-0.977555244798551,-1.6694052811213718,0.5009171876243808,-151.1382969614251
-0.23413695694918055,1.5230298564080254,0.6476885381006925,-0.13826430117118466,-0.23415337472333597,0.4967141530112327,100.1846045644181
0.026091050210833786,-1.2795769667357015,-1.8408742313316453,1.0143700650181304,-0.6248185776956788,1.6654744444625766,23.734515935082737
-0.35929209078705954,1.8467073257360336,0.6818914896263114,1.044160877069072,0.5839281853259639,-0.48943944251822213,201.9768541571442
0.04059169120388238,0.5432980290363879,0.12229750303228377,-0.429405541125253,0.04886007032570433,0.12522450264790727,16.014914830498896
-0.2246331499970246,0.9407711879882159,-0.9896281365703375,-1.570500603623177,-0.9824873935383096,0.918316606002313,-89.52375951670669
0.9246336829127688,0.5725827813561586,-0.5711789897827968,0.6408428612670098,1.3993554365860021,1.7976865268495226,334.8215443037069
0.6621306745210467,-0.3853135968617602,0.06980208499001891,-0.6002168771587947,0.11351734525124804,0.19905969557347003,-31.063498565819362
-0.5020542243526112,-2.198805956620082,-1.448013900416244,1.8811570694405901,0.4400144500533324,-0.5551995266931984,-5.799787839764161
0.6351718016819695,0.3934853854217496,0.6982233136135899,-0.6469367777055739,0.8951932200277323,0.05963036992017413,80.07844447271594
-0.4691756521047048,1.8314587658543537,-1.3202332070206422,0.4919191715065057,1.179440120721287,-0.898414671348358,161.45877126313485
-0.6810516574748808,-1.4307751021180481,-0.04015795064434341,1.8009404329108156,0.12810441491078928,-0.6763923020592697,0.02907787096422193
-1.4635149481321186,-0.3276621465977682,-0.7020530938773524,0.9686449905328892,-0.39210815313215763,0.09707754934804039,9.37356453071052
-1.4066610968482223,-0.7553829323533225,0.18676676447707832,-0.7257438131534656,-0.6115178029919482,0.517659020469123,-103.52134900946831
0.609138120907177,1.2360931752104374,-0.7355299425897666,-0.9039076414647897,1.091310120594269,-0.11122606134870032,95.76080948951784
0.1537251059455279,0.3853173797288368,0.173180925851182,-1.245738778711988,-0.883857436201133,0.21409374413020396,-139.67342792477618
0.9278401280812372,2.165002344901084,0.45588777208160763,0.5562300094006599,-0.643518230380143,1.328194141849058,184.42650987298526
-0.7968952554704768,1.4415686206579004,0.5298041779152828,-1.129706854657618,-2.4716445001272893,0.8356921120651418,-156.38197426422985
0.5132674331133561,0.32875110965968446,0.9154021177020741,-0.5017570435845365,-0.5297602037670388,-0.8084936028931876,-111.07364105939024
-0.32602353216784113,2.075400798645439,0.2897748568964129,-0.42098448082026296,0.8711247034316923,0.39445214237829684,210.25129446162333
-0.7677975651041284,-0.9186519464841982,-1.344450511034277,-0.2817846088605072,-1.0041407667520679,-0.42018681709585726,-230.38041408893352
-0.05429486651781221,-0.2727235697476705,-0.24574306408594432,-1.5031429531181062,-2.6968866429415717,-0.2595913513636048,-408.15253546674256
1.277676821898509,-1.1246420918378692,0.7116148780888898,0.514438834058749,-1.5341141707356223,0.12029563171189886,-163.37975444648842
-0.42064532276535904,-0.23458713337514692,0.00511345664246089,0.26105527217988933,-1.4153707420504142,0.29612027706457605,-116.9195683587699
-0.8169356709872361,0.14671368643332283,-0.16711808031685435,0.6487098875896427,1.2065089665083568,1.3821589910375272,288.20770991336803
1.77080063563551,-0.7031764251258874,1.1492733262856758,-0.09605989972464987,-0.0349884904969617,2.5600845382687947,171.86922176440754
-0.6716233679380516,0.2606737658239071,0.4940301862827388,0.39580353343740904,-0.5503051538454201,-0.6255627015095294,-54.06983129617225
-0.3220615162056756,1.5499344050175394,-0.9194242342338032,0.4735924306351816,-0.7832532923362371,-1.0623037137261049,-50.065328101632566
1.9140313538667861,-1.0534155631736561,0.6127739050625697,-1.0399059271255309,-0.6237689606958051,1.1081828167375165,-79.67655729673865
-1.0592135218889516,-0.9398797863273552,0.36659824609684827,0.6696725488300385,-0.5138669173366935,-1.3044695005048532,-137.76978917502876
-1.4074637743765552,0.2320499373576363,-0.4710383056183228,-0.5069431753711298,-1.4480843414973241,0.24496657110872277,-145.91922051616274
1.4799441388900259,0.8816397569494505,1.6871416350725648,-1.081548003614395,-0.007972641316617372,-0.6465728842425266,-59.46749299654211
1.3800913541474515,-1.5763921569842494,0.6523228784134196,0.8836599374866724,1.4765403497258958,-0.17262729994081963,118.16549438911214
0.117327383308782,0.6103702654334648,0.7472936051232618,-0.5601810401969696,-0.020901593964148132,-0.8289950109220723,-55.64461154745307
-0.3345012358409484,0.8657551941701215,0.5049872789804571,-0.11473644146689901,-1.2002964070557762,-0.7925207384327007,-144.69807069032396
1.053802052034903,0.5607845263682344,0.3577873603482833,-1.142970297830623,1.083051243175277,0.058208718445999896,64.22900844227902
0.8502217421134929,-0.4281151609659125,-1.556581898659751,-0.4937565831613125,1.5007597906343109,0.99626681944714,148.83034376929066
-2.4238793266289567,-1.889540730945531,-0.4461834332147797,-0.6526239793023909,-0.4523063192490767,0.8406435489887241,-138.16793493749296
0.39331783939437187,0.14171691363990474,1.2130976999791834,-0.3164084496948019,2.319329539981694,-1.092312764672579,156.22165954848728
1.4401172154494728,0.7090037575885123,0.19652116970147013,1.3291525301324314,-0.08973569428722672,0.6427227598675439,181.58923463210968
0.7011727423108983,-1.2276078151369925,1.1894704889246406,0.9640871682883573,0.597400069849858,-0.24415663529064868,68.27049196127493
-0.009118996644203544,-0.8984679817910373,0.5365098435704035,-0.7557451594928447,0.028181157369128247,-0.17495975669540864,-88.38986481042417
